NAME,Amuvatinib,Carboxyamidotriazole,Ouabain,Digoxin,AI-10-49,Tyrphostin,Polidocanol,Favipiravir,GSK2606414,Niclosamide,Emetine,Alvocidib,Cetylpyridinium chloride,Pevonedistat,Ethaverine,Camostat,Dapivirine,Remdesivir,AC1NDSS5,SB-612111,Thioguanosine,LY2228820,Hexachlorophene,Papaverine,Chloroquine,Nelfinavir,ZK-93423,Almitrine,Auranofin,Sorafenib,Octenidine,Regorafenib,Thimerosal,Tioguanine,Hematoporphyrin,Chlormidazole,Ivermectin,Methylene blue,Nitazoxanide,Azithromycine,Ketoconazole,Homoharringtonine,Ravuconazole,LDK378,Tetrandrine,Alisporivir,Isoosajin,Osimertinib mesylate,LGK-974,Mibampator,Bazedoxifene,Oxyclozanide,Lusutrombopag,Osajin,Dronedarone HCl,Avasimibe,Chlorpromazine Hydrochloride,Tilorone,Hydroxychloroquine Sulfate,Ciclesonide,Cepharanthine,Isopomiferin,Anidulafungin,Ebselen,Amodiaquin Dihydrochloride Dihydrate,Penfluridol,Opipramol dihydrochloride,Quinacrine hydrochloride monohydrate,CVL218,Amodiaquine hydrochloride,Imatinib Mesylate,Fluspirilene,Clomiphene Citrate,Alprostadil,Pexidartinib,Amodiaquin Hydrochloride,Lonafarnib,Avatrombopag,Cyclosporine,Apixaban,IPAG,JTE-013,Drotaverine,Hydroxyprogesterone caproate,Perhexiline maleate,Ivacaftor,Droloxifene((E)-3-Hydroxy tamoxifen),Abemaciclib,Thioridazine hydrochloride,Gilteritinib,Ebastine,Triparanol,Mequitazine,Clomipramine Hydrochloride,Berbamine hydrochloride,Thiethylperazine Maleate,Mefloquine Hydrochloride,Eltrombopag,Saquinavir,Fluphenazine Dihydrochloride,Tamoxifen Citrate,Lopinavir,Loperamide,Atazanavir,Promethazine Hydrochloride,LDE225,Arbidol,Toremifene Citrate,DCPIB,Tipranavir,Dihydrogambogic acid,AMG-9810,Loratadine,Brexpiprazole,Terconazole Vetranal,CC-223,CBIPES,Omeprazole,Lidoflazine,Benztropine Mesylate,Loteprednol etabonate,Vatalanib,Adoprazine,PH-797804,Cloconazole,BP-897,Harringtonine,Flunarizine,PF-670462,Oxprenolol hydrochloride,Etifoxine,Oxiconazole,Dolutegravir,Nafamostat,Clemizole hydrochloride,Phenazopyridine,Amprenavir,Sulfadoxine,Darunavir,Chloroquine Phosphate,Indinavir,Penciclovir,Ribavirin,Lanatoside C
Acetic acid,-17.70055389,-14.77384758,-29.69419861,-35.92360306,-24.77321053,-11.631073,-16.09706879,-5.617435455,-19.17320824,-11.15816975,-19.86137009,-16.12013626,-9.132302284,-17.60905457,-15.15740967,-14.79574585,-12.65848541,-24.64888954,-14.72717953,-14.97770977,-11.75663471,-21.93004799,-11.76262951,-13.5108881,-11.04188442,-21.6565609,-15.85375118,-17.45241928,-15.46887112,-17.03854561,-16.56449509,-17.70998573,-6.463713169,-5.708098888,-24.99043655,-9.554726601,-36.56473923,-10.78273296,-11.21441936,-31.38359261,-19.68157387,-25.29862595,-17.50425529,-20.74350739,-26.38053894,-45.21310425,-19.27848434,-21.620224,-15.20757008,-14.76634884,-18.51532936,-12.34635639,-20.70694351,-17.95632362,-20.22960472,-19.93059349,-11.43698502,-16.29071236,-13.13468361,-26.98703384,-26.15514374,-20.05167389,-44.07461548,-8.683664322,-13.30390644,-19.82826042,-13.89744854,-14.8890276,-12.0632515,-13.1554451,-20.26780128,-19.12536621,-21.94631958,-12.10093021,-15.18397331,-13.1554451,-19.69878769,-22.36425209,-44.1606102,-19.21463203,-12.22003174,-14.60788059,-15.32298279,-17.44737625,-12.79715919,-17.75645256,-15.21540928,-19.65051079,-13.48445606,-20.87152863,-18.46331406,-16.80994606,-13.09454155,-11.72214031,-25.95275688,-20.11454964,-15.1249094,-17.92839241,-26.37938309,-16.27285385,-21.63122177,-24.19182205,-20.18085289,-28.26404572,-11.31105042,-19.07182884,-16.55783463,-21.99124336,-16.55690765,-23.80482864,-32.83937073,-13.67782497,-14.65762043,-15.8059597,-11.81699085,-16.50175858,-13.99387264,-12.87146759,-18.12252426,-14.43586063,-22.25414276,-12.77062798,-15.55957794,-16.19937515,-11.31429958,-15.49373055,-24.96484566,-14.8151989,-13.31334209,-9.263479233,-12.35928726,-13.07409573,-17.14801979,-13.67568684,-12.15615463,-7.711842537,-18.58839035,-11.19160843,-20.64465141,-14.81880951,-24.37718201,-9.403457642,-9.733502388,-44.06502914
Heptane,-17.98408699,-15.02585983,-29.93492126,-36.16431427,-25.04391861,-11.90435314,-16.37292099,-5.90769577,-19.44118309,-11.43257999,-20.13178253,-16.38103104,-9.397629738,-17.88283539,-15.40495491,-15.06228352,-12.9219532,-24.89839363,-14.99031639,-15.25072479,-12.03007603,-22.17544746,-12.0239315,-13.76881123,-11.29476929,-21.93015671,-16.11291695,-17.72356415,-15.75297451,-17.31103516,-16.8473568,-17.98205185,-6.745294571,-5.9804039,-25.23111725,-9.823101997,-36.80542374,-11.05646229,-11.48395538,-31.6264534,-19.95639801,-25.54897881,-17.75671196,-21.00323677,-26.64551926,-45.47076797,-19.54586983,-21.87619781,-15.47875309,-15.02447701,-18.77385902,-12.62631798,-20.97387695,-18.21862221,-20.48313332,-20.1747818,-11.69621849,-16.54993439,-13.39443016,-27.26336098,-26.43115807,-20.31718445,-44.3503952,-8.946146965,-13.56242657,-20.09379768,-14.18029118,-15.13513088,-12.31900311,-13.41459274,-20.55148697,-19.39863777,-22.21302414,-12.36580372,-15.46273804,-13.41459274,-19.97618103,-22.64600372,-44.41843414,-19.49013138,-12.50804615,-14.87325382,-15.58765411,-17.71113396,-13.11901379,-18.000103,-15.47264862,-19.92198372,-13.74999237,-21.15047646,-18.726017,-17.06398392,-13.37218666,-11.99050331,-26.21736336,-20.39139175,-15.36479759,-18.19041443,-26.6492691,-16.52029228,-21.89268494,-24.44825554,-20.44420242,-28.51718903,-11.56123638,-19.34768486,-16.80156326,-22.25339127,-16.80903625,-24.05666161,-33.10843658,-13.93367958,-14.93975067,-16.06949234,-12.07642746,-16.77922058,-14.24925613,-13.12030697,-18.39744186,-14.70135593,-22.53318024,-13.04117775,-15.84117317,-16.45819283,-11.58402157,-15.77464199,-25.21393776,-15.09214783,-13.57847023,-9.511130333,-12.61968422,-13.35489273,-17.42593193,-13.94154167,-12.41716766,-8.001945496,-18.83803749,-11.45987701,-20.89839172,-15.08245564,-24.63414955,-9.658525467,-10.00710201,-44.30644226
Acetone,-17.71790886,-14.7855196,-29.70242691,-35.93326187,-24.78892517,-11.64827919,-16.114748,-5.635828018,-19.1894455,-11.17051125,-19.87181854,-16.13214493,-9.147418022,-17.6233654,-15.1690073,-14.80907154,-12.67157173,-24.6577549,-14.73782921,-14.99081326,-11.76929092,-21.94198418,-11.77252293,-13.52640247,-11.05487633,-21.67010498,-15.87068462,-17.46614456,-15.4797411,-17.05224609,-16.57775688,-17.72378159,-6.476658821,-5.724687576,-25.00120163,-9.573910713,-36.57244873,-10.79518127,-11.22580433,-31.38928032,-19.69606972,-25.30514908,-17.51666451,-20.75501442,-26.39313889,-45.22237015,-19.29096031,-21.63279152,-15.22543716,-14.78019905,-18.5316391,-12.35838032,-20.7171936,-17.97127724,-20.23866272,-19.94242477,-11.44720554,-16.30042267,-13.14712238,-26.99815178,-26.16803169,-20.06452179,-44.08757019,-8.701011658,-13.31186008,-19.8392849,-13.90802574,-14.89770126,-12.07615948,-13.16369438,-20.28387833,-19.1389904,-21.95661354,-12.11460876,-15.19892597,-13.16369438,-19.71325302,-22.37770271,-44.17004013,-19.22484779,-12.23281002,-14.62026596,-15.32903481,-17.46025467,-12.8209753,-17.76845932,-15.22495461,-19.66611671,-13.49572849,-20.88446045,-18.47551727,-16.82110977,-13.11074066,-11.73536396,-25.9637661,-20.12631226,-15.13344479,-17.94343567,-26.39369583,-16.27942657,-21.64251518,-24.20294189,-20.18849182,-28.27435112,-11.32124424,-19.08777046,-16.56905174,-22.00179482,-16.56419373,-23.81562233,-32.84747696,-13.68831158,-14.67041779,-15.82227325,-11.83115292,-16.51483345,-14.00475121,-12.88384628,-18.13757324,-14.45116425,-22.26333046,-12.78845882,-15.57526016,-16.21318054,-11.32801151,-15.50815392,-24.97105598,-14.83272839,-13.32534981,-9.274410248,-12.36925697,-13.08645439,-17.16176987,-13.68552017,-12.17036152,-7.727631092,-18.59916496,-11.20550632,-20.65494347,-14.83384895,-24.38723755,-9.4152174,-9.745306969,-44.07451248
Isobutyl acetate,-18.17661285,-15.23377228,-30.13828468,-36.37206268,-25.2436142,-12.10132885,-16.60437393,-6.103350163,-19.63484192,-11.63204575,-20.32996559,-16.57014656,-9.622412682,-18.07624054,-15.61961079,-15.27291393,-13.12761402,-25.11190414,-15.22033596,-15.44799995,-12.21481514,-22.38581657,-12.24319458,-13.97272205,-11.51217651,-22.13101006,-16.3151474,-17.92254829,-15.95724583,-17.51131248,-17.06163979,-18.18276978,-6.96236515,-6.165218353,-25.44330025,-10.03070068,-37.00971603,-11.25519848,-11.67570114,-31.81743813,-20.16005135,-25.75943756,-17.95999908,-21.21011925,-26.84843826,-45.67828751,-19.73838997,-22.08347702,-15.67034817,-15.2303009,-18.97838211,-12.82306194,-21.179039,-18.41394615,-20.68929291,-20.38453674,-11.89956379,-16.76148033,-13.60467052,-27.45178413,-26.6325798,-20.51048088,-44.54461288,-9.141738892,-13.76483917,-20.28992462,-14.37701321,-15.34268856,-12.51514435,-13.61674023,-20.7390995,-19.60382271,-22.41506386,-12.58710575,-15.65600967,-13.61674023,-20.17130852,-22.84054947,-44.62615585,-19.69356537,-12.69970703,-15.07981682,-15.79867077,-17.89983368,-13.29951096,-18.20731544,-15.68644047,-20.12003899,-13.94973183,-21.34915924,-18.92269707,-17.27235603,-13.57223129,-12.18568325,-26.41685486,-20.60539818,-15.57060432,-18.38680267,-26.85232353,-16.73159409,-22.09375,-24.66442299,-20.64898109,-28.7332077,-11.77475452,-19.54307556,-17.00908661,-22.45371246,-17.02303696,-24.27607536,-33.30236435,-14.1562767,-15.1431179,-16.26941109,-12.28127193,-16.97916222,-14.45199394,-13.3379755,-18.5893116,-14.90465069,-22.7184906,-13.23370552,-16.03600883,-16.66463089,-11.7864275,-15.96998787,-25.424263,-15.28410625,-13.76886654,-9.731820107,-12.83575249,-13.55158424,-17.62677956,-14.13273239,-12.614604,-8.185994148,-19.05354118,-11.66054153,-21.1142292,-15.28802586,-24.84632492,-9.8778162,-10.20046902,-44.51721573
Anisole,-18.02708626,-15.08167458,-29.97916985,-36.21680832,-25.08428383,-11.96356869,-16.4204464,-5.947049141,-19.4779644,-11.49267578,-20.19496346,-16.42702293,-9.483032227,-17.90805626,-15.46783161,-15.12718582,-12.9894619,-24.93986511,-15.07364178,-15.31315994,-12.02152538,-22.20936394,-12.07064629,-13.83272839,-11.37373352,-21.97366905,-16.15962029,-17.75093079,-15.80479431,-17.35902023,-16.91200066,-18.02393532,-6.801702023,-6.038222313,-25.2729969,-9.883550644,-36.87730408,-11.09818077,-11.53283405,-31.67494774,-20.01875687,-25.61333275,-17.80344772,-21.04429626,-26.71550941,-45.53924942,-19.60929489,-21.93033409,-15.52448273,-15.07851601,-18.83224678,-12.68233204,-21.0351696,-18.2749157,-20.52105713,-20.21791649,-11.73881721,-16.61883354,-13.4426012,-27.29266357,-26.49460602,-20.3772068,-44.37513351,-8.99939537,-13.59847164,-20.11292458,-14.21293545,-15.1700201,-12.34318542,-13.44668484,-20.60222626,-19.45552254,-22.24091339,-12.44311619,-15.50739098,-13.44668484,-20.03354836,-22.69442558,-44.48684692,-19.54929352,-12.58507347,-14.92932415,-15.66108131,-17.74832344,-13.17849255,-18.05649567,-15.53932095,-19.97333145,-13.80551815,-21.21284294,-18.77121353,-17.12480927,-13.44024086,-12.03293991,-26.26905441,-20.46775055,-15.37055492,-18.24705315,-26.69172668,-16.53980637,-21.92552757,-24.4981823,-20.47753716,-28.5591259,-11.61533737,-19.3993454,-16.8521328,-22.28338051,-16.8797245,-24.1123085,-33.17152786,-14.01944923,-15.00638008,-16.12432671,-12.13311195,-16.83897018,-14.30574989,-13.18965912,-18.42757988,-14.75547123,-22.57433128,-13.08503151,-15.88399315,-16.5050602,-11.64081955,-15.82858562,-25.27839851,-15.12936497,-13.59514141,-9.568734169,-12.69304752,-13.39765835,-17.48478699,-13.99197483,-12.45366383,-8.046182632,-18.87837982,-11.51053905,-20.94775772,-15.13428688,-24.67663002,-9.70580101,-10.02159786,-44.34848404
Isopropyl acetate,-18.08386803,-15.142066,-30.04713821,-36.28045273,-25.15116692,-12.00645638,-16.50445366,-6.008104801,-19.54355431,-11.53758812,-20.2343502,-16.48055649,-9.523399353,-17.98267555,-15.52915668,-15.17828846,-13.03410912,-25.01883507,-15.12093067,-15.35494709,-12.12103653,-22.29719353,-12.14812565,-13.8817358,-11.41964722,-22.0356617,-16.22435188,-17.83030128,-15.85926056,-17.41728592,-16.96159744,-18.08890343,-6.860469341,-6.076164722,-25.35567856,-9.935266495,-36.91999054,-11.15917778,-11.58440781,-31.72728157,-20.06454086,-25.66771126,-17.86965942,-21.11745644,-26.75465012,-45.58465958,-19.64644432,-21.99299812,-15.57908916,-15.13858891,-18.8873291,-12.72929382,-21.08587456,-18.32434082,-20.59825134,-20.29593468,-11.80846405,-16.67106819,-13.51327324,-27.35479164,-26.53627396,-20.41889,-44.44840622,-9.051062584,-13.67176819,-20.19862556,-14.27792263,-15.25355816,-12.42233562,-13.52521801,-20.64453125,-19.50794792,-22.32221985,-12.49311352,-15.56308174,-13.52521801,-20.07560158,-22.74431419,-44.53256226,-19.59566116,-12.59902763,-14.98693371,-15.70667171,-17.80665016,-13.19643974,-18.11943245,-15.59245491,-20.02759743,-13.85790634,-21.25201416,-18.83287811,-17.18108559,-13.47625828,-12.09298801,-26.32361031,-20.50619698,-15.4832058,-18.29620552,-26.75746346,-16.64344788,-22.00146103,-24.57128716,-20.55381584,-28.64070892,-11.68385696,-19.4490509,-16.92052078,-22.36136246,-16.93089294,-24.18470764,-33.20746613,-14.06484795,-15.04645634,-16.17788315,-12.19073677,-16.88313293,-14.36168957,-13.24618626,-18.49763298,-14.81207466,-22.62058067,-13.14113903,-15.94064713,-16.57384682,-11.69105721,-15.87424183,-25.33234215,-15.19057178,-13.6758461,-9.637371063,-12.74274349,-13.45620537,-17.53055191,-14.04318714,-12.52318573,-8.091752052,-18.96208763,-11.56690311,-21.02070236,-15.19612026,-24.75333214,-9.781147957,-10.10610485,-44.42587662
1-Butanol,-17.79182434,-14.84618664,-29.75174904,-35.97702408,-24.85177422,-11.71660614,-16.16937256,-5.711419106,-19.25473022,-11.24445629,-19.94176292,-16.19503021,-9.202776909,-17.69516754,-15.22346401,-14.87416458,-12.73438931,-24.71446037,-14.79883289,-15.06179142,-11.83825779,-21.99735832,-11.83683681,-13.58381176,-11.11000347,-21.73944664,-15.92867947,-17.53470421,-15.55615044,-17.121912,-16.64580917,-17.79370308,-6.546700954,-5.789498806,-25.05588531,-9.634228706,-36.61997604,-10.87002373,-11.29864788,-31.44137955,-19.76440811,-25.36631966,-17.57538795,-20.82036018,-26.4586792,-45.28585434,-19.35695076,-21.69330788,-15.29268169,-14.83863735,-18.5871067,-12.43762779,-20.78721619,-18.03247833,-20.30309296,-19.99724388,-11.51322746,-16.3668499,-13.20809841,-27.07025528,-26.23819542,-20.12917328,-44.15789413,-8.759504318,-13.38413525,-19.90432739,-13.98977566,-14.96030903,-12.14210796,-13.23456573,-20.35989189,-19.20487213,-22.03002548,-12.1734333,-15.26805973,-13.23456573,-19.78359032,-22.45405197,-44.23350143,-19.30009079,-12.31126499,-14.68523884,-15.40485764,-17.52397919,-12.90498924,-17.82247543,-15.29160881,-19.73163795,-13.56788826,-20.95906258,-18.53846169,-16.8795929,-13.17727661,-11.80731964,-26.03314018,-20.1960907,-15.19149494,-18.00680161,-26.45918274,-16.34488106,-21.71006203,-24.26196671,-20.25666046,-28.33391762,-11.37810612,-19.15836716,-16.62288857,-22.07081032,-16.62535858,-23.87566948,-32.91690445,-13.74740219,-14.74590588,-15.88304901,-11.88977909,-16.58700562,-14.06621933,-12.93800068,-18.20577431,-14.51369095,-22.33914185,-12.85323906,-15.65006638,-16.27479172,-11.39381695,-15.57924271,-25.03168678,-14.89855671,-13.39910793,-9.329956055,-12.4299593,-13.15936661,-17.23339462,-13.75651169,-12.2326088,-7.804234505,-18.6547966,-11.27195263,-20.7128849,-14.89446354,-24.44511604,-9.471858025,-9.81388855,-44.11822128
Methyl acetate,-17.82142639,-14.88156319,-29.80412102,-36.03858185,-24.89063263,-11.74309063,-16.22868156,-5.737101555,-19.2863369,-11.26902866,-19.97577858,-16.22971916,-9.258990288,-17.72393417,-15.27166653,-14.91325474,-12.77020168,-24.76153755,-14.84782028,-15.09404087,-11.86814785,-22.04174614,-11.87907124,-13.62627697,-11.15981388,-21.77248573,-15.96800804,-17.56890869,-15.58906269,-17.15433884,-16.68812943,-17.82590866,-6.581868649,-5.822470665,-25.10163498,-9.673880577,-36.67951202,-10.89688873,-11.3266058,-31.49420929,-19.80023384,-25.41018105,-17.61500931,-20.85638237,-26.49683762,-45.32830811,-19.39111137,-21.73332024,-15.31890011,-14.88070679,-18.63102531,-12.46197605,-20.820858,-18.07069778,-20.33968353,-20.04323578,-11.55293179,-16.40842819,-13.25036716,-27.09635925,-26.27345276,-20.16396713,-44.1896286,-8.793581963,-13.41295719,-19.94352913,-14.01278496,-14.99871063,-12.16815186,-13.26552296,-20.38265228,-19.24271393,-22.05991936,-12.22460747,-15.29934311,-13.26552296,-19.81569099,-22.48103523,-44.27605057,-19.32697678,-12.33700371,-14.72277164,-15.43755817,-17.55787468,-12.92305374,-17.86865807,-15.328969,-19.76623344,-13.59751797,-20.98800087,-18.57706833,-16.92459869,-13.21331787,-11.83799744,-26.06679535,-20.23458481,-15.23259449,-18.03650856,-26.49500656,-16.38681984,-21.74292755,-24.30825424,-20.29287529,-28.37845612,-11.42798042,-19.18894386,-16.66661263,-22.10268974,-16.67033195,-23.92121124,-32.95054626,-13.79830647,-14.77810955,-15.91986561,-11.93343544,-16.61878014,-14.10424519,-12.98584557,-18.2404213,-14.55374336,-22.36505127,-12.88145638,-15.67817783,-16.31394196,-11.42579746,-15.61218929,-25.07590485,-14.93350697,-13.41762352,-9.376426697,-12.47792053,-13.19035435,-17.26483727,-13.78371334,-12.26961708,-7.827379227,-18.70346642,-11.30358887,-20.75919342,-14.93629169,-24.49223137,-9.517648697,-9.846915245,-44.18480682
2-Butanol,-17.86968231,-14.93632507,-29.83039474,-36.05636978,-24.93454361,-11.80064106,-16.25313187,-5.794322014,-19.33691597,-11.3313446,-20.02423859,-16.27844048,-9.290883064,-17.77449036,-15.31225014,-14.95935154,-12.82208633,-24.80340004,-14.88679695,-15.14272594,-11.9212265,-22.08969498,-11.92745495,-13.66855907,-11.19595528,-21.82121468,-16.01668549,-17.61755753,-15.63381767,-17.203228,-16.7283268,-17.87576866,-6.628926754,-5.871145248,-25.1445179,-9.717914581,-36.69760895,-10.95140743,-11.3841877,-31.51862335,-19.84619331,-25.45450974,-17.66190338,-20.90513802,-26.54139137,-45.36975479,-19.43948174,-21.78153229,-15.3749609,-14.9209013,-18.67276955,-12.51902771,-20.87074471,-18.11591339,-20.3923912,-20.08525658,-11.5978508,-16.45167351,-13.29158974,-27.14558983,-26.32039261,-20.21286011,-44.23950195,-8.845127106,-13.47102451,-19.98554802,-14.07341671,-15.04999828,-12.23136139,-13.3205061,-20.43754578,-19.2884388,-22.11232567,-12.25809479,-15.34834576,-13.3205061,-19.86698532,-22.53560638,-44.31737137,-19.38585854,-12.38230705,-14.77051163,-15.48570919,-17.60545731,-12.98040009,-17.90781593,-15.37374496,-19.81256294,-13.6515007,-21.0421505,-18.61773682,-16.96422195,-13.26084232,-11.88831997,-26.11644936,-20.27978897,-15.28272724,-18.09410095,-26.54298782,-16.4344368,-21.79286385,-24.3494873,-20.34309387,-28.42284393,-11.46476269,-19.23576546,-16.71513176,-22.15407562,-16.71458244,-23.96498871,-32.99914551,-13.8307085,-14.82734966,-15.96648598,-11.97299957,-16.66853523,-14.15285587,-13.02630329,-18.2843647,-14.59311008,-22.41425896,-12.93654156,-15.72591019,-16.36208725,-11.47686481,-15.65712929,-25.12038231,-14.97678566,-13.48803997,-9.418329239,-12.51392841,-13.23998928,-17.31863213,-13.84084225,-12.31931686,-7.882699013,-18.74154472,-11.35948086,-20.80081367,-14.97676182,-24.5321846,-9.562725067,-9.893643379,-44.19902802
3-Methyl-1-butanol,-17.95499992,-15.01559734,-29.91296577,-36.13977814,-25.02087975,-11.88426399,-16.34954262,-5.879795074,-19.41900063,-11.4152565,-20.10884285,-16.35662842,-9.382804871,-17.85764885,-15.39222908,-15.04732704,-12.90560627,-24.88525391,-14.97622681,-15.22742367,-12.00143242,-22.16875076,-12.01210594,-13.7501936,-11.28092384,-21.90751266,-16.09677124,-17.70196724,-15.7224102,-17.29162979,-16.82135582,-17.96393013,-6.719320774,-5.955281258,-25.22289467,-9.802901268,-36.7796402,-11.03559113,-11.46943665,-31.60166168,-19.93288803,-25.53626251,-17.74233437,-20.98909569,-26.62554741,-45.45327377,-19.52122498,-21.86428833,-15.46093845,-15.00606728,-18.75433159,-12.60586834,-20.95791054,-18.19590759,-20.47343445,-20.1655674,-11.68085861,-16.53501892,-13.37598038,-27.23378563,-26.40679932,-20.29409218,-44.32477951,-8.927148819,-13.54993439,-20.07055473,-14.15948677,-15.12801743,-12.31013012,-13.40200424,-20.52368927,-19.37638283,-22.19800377,-12.3446207,-15.43667221,-13.40200424,-19.95122719,-22.62220192,-44.40094376,-19.47222137,-12.47391319,-14.85639,-15.5701313,-17.68811798,-13.07554722,-17.98863983,-15.45880699,-19.89742851,-13.73361874,-21.12856102,-18.70204163,-17.04722786,-13.34637356,-11.97266769,-26.19948959,-20.36873055,-15.36030674,-18.17660522,-26.62914276,-16.51399612,-21.87759399,-24.43457222,-20.42739105,-28.50647545,-11.54751968,-19.32437134,-16.79200745,-22.23850441,-16.79626656,-24.04956245,-33.08351898,-13.91784573,-14.9158535,-16.04669571,-12.05678463,-16.75492668,-14.23516941,-13.10736465,-18.371418,-14.6771183,-22.50190926,-13.02009773,-15.81266117,-16.44573212,-11.56115055,-15.74323273,-25.20121956,-15.06377411,-13.56512451,-9.500777245,-12.60052586,-13.32888126,-17.40509605,-13.92434597,-12.39892483,-7.974001884,-18.82417679,-11.44500923,-20.88511848,-15.06269455,-24.61671829,-9.64670372,-9.977707863,-44.28412247
Butyl acetate,-18.35555649,-15.39937782,-30.27786636,-36.50989914,-25.40918922,-12.29123592,-16.73054123,-6.277795315,-19.80928612,-11.80132771,-20.52327538,-16.74692535,-9.78891468,-18.22188759,-15.78417969,-15.46205235,-13.30944347,-25.24667358,-15.40661526,-15.63679981,-12.2964735,-22.52769279,-12.37846756,-14.15813923,-11.69379807,-22.30059433,-16.48865318,-18.07564545,-16.12875938,-17.68237877,-17.25503159,-18.34302139,-7.12195015,-6.356468678,-25.56798363,-10.20931244,-37.16916656,-11.37777138,-11.85295486,-31.95897484,-20.34370995,-25.92818832,-18.12118149,-21.35913658,-27.03680611,-45.85048294,-19.93860245,-22.24477768,-15.86012459,-15.39873791,-19.16573334,-12.99211407,-21.35002899,-18.60401535,-20.80532837,-20.53156281,-11.99878407,-16.93317604,-13.74801922,-27.63383102,-26.82440758,-20.70791817,-44.67535782,-9.334692001,-13.8654604,-20.42575645,-14.44536877,-15.42617702,-12.62132168,-13.70146942,-20.92753792,-19.78570366,-22.57069397,-12.75476837,-15.84269142,-13.70146942,-20.35325241,-23.01739883,-44.79939651,-19.87999344,-12.92163467,-15.24230862,-15.96692944,-18.08125114,-13.53182411,-18.37516022,-15.86995125,-20.29328156,-14.07486248,-21.54486656,-19.10947609,-17.43953896,-13.78341389,-12.29824924,-26.53812981,-20.79857445,-15.62822533,-18.57105255,-27.02007484,-16.77596283,-22.25499153,-24.81798363,-20.79514503,-28.87504005,-11.88454723,-19.72823906,-17.18123817,-22.60696793,-17.20110893,-24.43138695,-33.49586868,-14.35572433,-15.33012581,-16.45381165,-12.45280075,-17.16369247,-14.63592052,-13.50613213,-18.75454903,-15.08872223,-22.89915848,-13.41618061,-16.21529388,-16.82458496,-11.98115444,-16.16565895,-25.59407234,-15.46342182,-13.85963631,-9.847755432,-13.01740742,-13.72054386,-17.81138992,-14.31783772,-12.72041225,-8.391557693,-19.20121956,-11.84066105,-21.26270485,-15.44828224,-25.00003242,-10.00110626,-10.31241512,-44.63603592
Methylethyl ketone,-17.81817245,-14.87664413,-29.79083443,-36.02383423,-24.88372803,-11.743927,-16.21621895,-5.732214451,-19.28394508,-11.26667118,-19.96905327,-16.22420692,-9.246313095,-17.7203083,-15.26094341,-14.9091053,-12.76701832,-24.74863243,-14.83881187,-15.08900261,-11.86218071,-22.03238487,-11.8686161,-13.61985874,-11.14876175,-21.76749611,-15.96333981,-17.56406784,-15.58086395,-17.15028381,-16.67909241,-17.8216629,-6.576523781,-5.81892395,-25.09114075,-9.669163704,-36.661129,-10.89424515,-11.32462025,-31.48014259,-19.79444885,-25.39847374,-17.60750961,-20.84989738,-26.49047279,-45.31739044,-19.38523102,-21.72604942,-15.32077122,-14.8736372,-18.62408257,-12.45817089,-20.81450081,-18.06433296,-20.33158493,-20.03355217,-11.54269886,-16.39892197,-13.24207115,-27.09509659,-26.26723289,-20.15843201,-44.18470001,-8.792269707,-13.40612698,-19.9339695,-14.00919151,-14.99005699,-12.16818428,-13.25897408,-20.38222122,-19.23744202,-22.05454063,-12.2121439,-15.2962141,-13.25897408,-19.81099892,-22.47808075,-44.26514816,-19.3270359,-12.33425999,-14.71615314,-15.42940712,-17.55342674,-12.9251442,-17.85880852,-15.32217884,-19.76212502,-13.59231377,-20.98422623,-18.56852722,-16.91295242,-13.20837498,-11.83270931,-26.06099319,-20.2256813,-15.22231197,-18.03659058,-26.49041557,-16.37507439,-21.73754311,-24.29800606,-20.2840538,-28.36914063,-11.41546249,-19.18717384,-16.65714264,-22.09762955,-16.65817451,-23.91092491,-32.94453812,-13.78702068,-14.77222157,-15.9153471,-11.92426682,-16.61437607,-14.0974884,-12.97606087,-18.23518372,-14.54715061,-22.3617878,-12.88192463,-15.67544746,-16.30672836,-11.4248333,-15.60684204,-25.06413269,-14.92991734,-13.41746616,-9.367334366,-12.46647835,-13.18465519,-17.26111221,-13.78157234,-12.26321316,-7.825172424,-18.6924305,-11.29971981,-20.74819756,-14.92851639,-24.48118973,-9.506576538,-9.842202187,-44.16580963
tert-Butylmethyl ether,-18.03113937,-15.09227753,-29.9827919,-36.21210098,-25.0976429,-11.95597363,-16.42943382,-5.962555885,-19.49249649,-11.48384476,-20.17156601,-16.43237877,-9.461262703,-17.92965889,-15.47117805,-15.12348366,-12.97832298,-24.96113777,-15.0499239,-15.29674911,-12.07509041,-22.24337769,-12.09065342,-13.82781124,-11.35978508,-21.9740963,-16.1729641,-17.775383,-15.79091835,-17.35940552,-16.89353561,-18.03103828,-6.800427437,-6.036664009,-25.29866219,-9.884469986,-36.85174179,-11.10794449,-11.53743744,-31.66666794,-20.00292587,-25.60646057,-17.81831932,-21.0614872,-26.69290733,-45.51775742,-19.58943939,-21.93445015,-15.53394604,-15.08465767,-18.83843613,-12.66874409,-21.02516174,-18.26926041,-20.54559326,-20.23768234,-11.75676441,-16.60748863,-13.45617199,-27.29462624,-26.47366333,-20.36283684,-44.39019394,-9.007338524,-13.62571907,-20.14511108,-14.21916389,-15.20616817,-12.38098907,-13.4755373,-20.58860016,-19.44524765,-22.26601601,-12.41961956,-15.50790405,-13.4755373,-20.01942635,-22.68532181,-44.46569061,-19.53412437,-12.53234768,-14.92766571,-15.63679695,-17.7514782,-13.14175701,-18.06160545,-15.53172493,-19.97404099,-13.80205154,-21.19221115,-18.77756882,-17.12506104,-13.41762352,-12.04375172,-26.26597404,-20.43895912,-15.43699265,-18.2478447,-26.69643593,-16.58891106,-21.94686127,-24.50735855,-20.49576569,-28.57715416,-11.62784672,-19.3925972,-16.86700439,-22.30734062,-16.86517906,-24.12112427,-33.14373398,-13.99981213,-14.9795332,-16.12747574,-12.13583946,-16.82073402,-14.30812263,-13.18797493,-18.44263077,-14.75642872,-22.5551796,-13.09686184,-15.88597775,-16.51898384,-11.63523769,-15.81605816,-25.27192307,-15.13780308,-13.6359272,-9.585377693,-12.67306995,-13.3996973,-17.46807098,-13.99314499,-12.47964001,-8.045740128,-18.90361023,-11.51628113,-20.95891571,-15.14029312,-24.68991661,-9.727967262,-10.04973412,-44.3579216
2-Methyl-1-propanol,-17.85900879,-14.9259491,-29.82146263,-36.04738998,-24.92549515,-11.79159164,-16.24689674,-5.785582066,-19.32706833,-11.32137489,-20.01175117,-16.26620865,-9.283080101,-17.76243401,-15.30181694,-14.95125961,-12.81341648,-24.79258919,-14.87701035,-15.13056278,-11.90736294,-22.07976723,-11.91557026,-13.65781689,-11.18629837,-21.81016541,-16.00611687,-17.60770798,-15.62349892,-17.19459915,-16.71797562,-17.8671093,-6.619737148,-5.861680031,-25.13455391,-9.707894325,-36.6877861,-10.9395256,-11.37668133,-31.50866508,-19.8347702,-25.44280624,-17.65235138,-20.89632034,-26.5303688,-45.358078,-19.42738724,-21.77194595,-15.36625767,-14.91240978,-18.66218948,-12.5083704,-20.86190796,-18.10513306,-20.38210297,-20.07603455,-11.5869236,-16.44153214,-13.28201771,-27.13514519,-26.30800438,-20.20055199,-44.22722244,-8.835976601,-13.45965481,-19.97623253,-14.06079197,-15.03879833,-12.22060966,-13.30930328,-20.42798805,-19.27812767,-22.1020565,-12.24747276,-15.33919811,-13.30930328,-19.85417938,-22.5238266,-44.30569839,-19.37386131,-12.37233734,-14.76097202,-15.47496033,-17.59430695,-12.96953487,-17.89923286,-15.36478329,-19.80257607,-13.64044857,-21.03049278,-18.60869026,-16.95453453,-13.2487812,-11.87718773,-26.10497093,-20.26877594,-15.27300453,-18.08466339,-26.53287888,-16.42452431,-21.78399849,-24.33957863,-20.33166695,-28.41295433,-11.45507813,-19.2271328,-16.70513725,-22.14509773,-16.70255089,-23.95500755,-32.98648834,-13.82294941,-14.81529236,-15.95565414,-11.96346951,-16.65671921,-14.1432724,-13.01639652,-18.27535057,-14.58211422,-22.40298653,-12.92758083,-15.71481323,-16.35290337,-11.46808243,-15.64502239,-25.10831451,-14.96766281,-13.47591496,-9.409656525,-12.50463009,-13.23048496,-17.30701065,-13.83085823,-12.30768299,-7.874133587,-18.73207664,-11.35091782,-20.79103279,-14.96777439,-24.52223015,-9.552510262,-9.881863594,-44.18976593
Dimethyl sulfoxide,-17.69491005,-14.76397133,-29.67446327,-35.90507889,-24.76441383,-11.6298418,-16.09692001,-5.61636591,-19.15807724,-11.15551186,-19.8354702,-16.10870552,-9.132665634,-17.59312057,-15.14317799,-14.79249668,-12.65345764,-24.62532234,-14.72061062,-14.96756935,-11.74420547,-21.91044617,-11.75562382,-13.50060844,-11.03542995,-21.64466286,-15.84172821,-17.44306946,-15.46504784,-17.03203583,-16.56072235,-17.70315933,-6.456045151,-5.705392838,-24.97360229,-9.552025795,-36.54846191,-10.7789526,-11.21021175,-31.37076759,-19.66791916,-25.26210594,-17.4934597,-20.72916222,-26.35992622,-45.20235443,-19.25802231,-21.61065674,-15.20740414,-14.7587719,-18.50542068,-12.34298515,-20.697855,-17.94573402,-20.2144413,-19.91136932,-11.43019676,-16.27551651,-13.12932873,-26.9716053,-26.13402176,-20.02957916,-44.06225586,-8.687132835,-13.29451466,-19.80619812,-13.88938332,-14.87969398,-12.05661774,-13.14449978,-20.26578522,-19.1072731,-21.93906975,-12.09572506,-15.17163944,-13.14449978,-19.68564034,-22.35442352,-44.14990997,-19.19711876,-12.20876789,-14.59788132,-15.30483532,-17.42783356,-12.80178356,-17.73971939,-15.20632362,-19.64045525,-13.47357082,-20.85557938,-18.45279312,-16.79259682,-13.08579159,-11.71729183,-25.93272209,-20.10848427,-15.10356617,-17.92081833,-26.36564064,-16.25627136,-21.62518883,-24.17624092,-20.15247726,-28.24148369,-11.30360413,-19.06793594,-16.5426178,-21.98465538,-16.53352356,-23.78017426,-32.81484222,-13.6656599,-14.6489954,-15.80344963,-11.81217098,-16.48522568,-13.98075104,-12.85951805,-18.11358833,-14.43204021,-22.23597145,-12.77001667,-15.55341721,-16.19253349,-11.31156254,-15.48941422,-24.9268074,-14.81202602,-13.30670261,-9.261997223,-12.34142208,-13.06966209,-17.13537598,-13.66765594,-12.14636421,-7.706460953,-18.57194138,-11.18227482,-20.62750626,-14.81840611,-24.35654068,-9.393503189,-9.724266052,-44.04669189
Pentane,-17.79147148,-14.84112263,-29.74864769,-35.97356033,-24.84896851,-11.71440601,-16.16703987,-5.706285477,-19.25279045,-11.24004078,-19.93564224,-16.19344902,-9.197986603,-17.69250679,-15.21806526,-14.86985683,-12.7311573,-24.70821381,-14.79250336,-15.05862141,-11.83649063,-21.99092674,-11.82756519,-13.58158398,-11.10490513,-21.73410988,-15.92544651,-17.53225136,-15.5457859,-17.11704636,-16.64003754,-17.78836823,-6.540244579,-5.793721676,-25.04906273,-9.633885384,-36.61569595,-10.86436844,-11.2930603,-31.43579674,-19.76092529,-25.35881805,-17.57145309,-20.81319427,-26.45389557,-45.27826691,-19.35346031,-21.68729591,-15.29255962,-14.83589458,-18.58541489,-12.42961979,-20.77995491,-18.02960777,-20.29442024,-19.99118423,-11.50759125,-16.359478,-13.20446205,-27.06460762,-26.23350525,-20.12595177,-44.15483856,-8.759874344,-13.37512207,-19.9027195,-13.98270321,-14.95182896,-12.13720989,-13.22730827,-20.35639954,-19.20175552,-22.02281761,-12.16861057,-15.26801777,-13.22730827,-19.78083611,-22.44872284,-44.22603607,-19.29413795,-12.30557251,-14.67996883,-15.39447689,-17.52015114,-12.90645599,-17.81679153,-15.282444,-19.72973251,-13.56094265,-20.9529438,-18.53670311,-16.87532425,-13.17576885,-11.8019762,-26.02675247,-20.19032669,-15.18282986,-18.00466728,-26.4547596,-16.33423233,-21.70312691,-24.25530243,-20.24964523,-28.32661247,-11.37270641,-19.15675163,-16.61551476,-22.06382561,-16.61669159,-23.86868477,-32.91199493,-13.7432785,-14.74024677,-15.88332462,-11.88667583,-16.58273125,-14.06146622,-12.93291378,-18.20425415,-14.51280689,-22.33317375,-12.85360527,-15.64862347,-16.26885033,-11.39135838,-15.57741928,-25.02402687,-14.89819431,-13.39266109,-9.323237419,-12.42447567,-13.15461349,-17.22821045,-13.75435734,-12.22931194,-7.802903175,-18.64968872,-11.26777077,-20.70614243,-14.8910265,-24.43949699,-9.467835426,-9.812123299,-44.11433411
Ethanol,-17.59560585,-14.66054726,-29.56966019,-35.78754044,-24.66082954,-11.52468872,-15.96341705,-5.514064789,-19.06468773,-11.04957485,-19.74545097,-16.01203346,-9.003975868,-17.49858284,-15.03866005,-14.67676067,-12.54184723,-24.5269146,-14.60150814,-14.86390972,-11.65020657,-21.81562614,-11.64498329,-13.39735603,-10.91978073,-21.5420475,-15.74621582,-17.34034348,-15.3533783,-16.92274475,-16.43686485,-17.59560394,-6.349817276,-5.601765156,-24.87420845,-9.446088791,-36.43683624,-10.67626095,-11.10527802,-31.25341988,-19.56488991,-25.17605209,-17.39050102,-20.62779236,-26.26474571,-45.09209824,-19.16712189,-21.50528336,-15.10046387,-14.65054131,-18.40212059,-12.23938942,-20.59002876,-17.8451786,-20.11337662,-19.81305695,-11.31998539,-16.16905785,-13.01587009,-26.87338638,-26.03894424,-19.9405117,-43.96066284,-8.578478813,-13.19396496,-19.71124268,-13.78849792,-14.7772541,-11.96030235,-13.04290771,-20.16444969,-19.00604248,-21.83248901,-11.97850323,-15.07232666,-13.04290771,-19.58646011,-22.25242996,-44.03927994,-19.09781647,-12.10575485,-14.49083138,-15.20088768,-17.33216286,-12.69427395,-17.64055824,-15.09393692,-19.53960609,-13.37324047,-20.75898552,-18.34667587,-16.69134521,-12.9806242,-11.61172771,-25.83924103,-19.99464607,-15.01149559,-17.82066536,-26.26405144,-16.15282822,-21.5177803,-24.06947327,-20.06023979,-28.14226913,-11.18769455,-18.959589,-16.44578362,-21.87815666,-16.43467903,-23.68138504,-32.71889496,-13.55195141,-14.53856468,-15.69608784,-11.70049858,-16.38669395,-13.87831306,-12.75069237,-18.00990295,-14.32102776,-22.13825035,-12.66394329,-15.44864464,-16.08733177,-11.20281601,-15.37937355,-24.84205055,-14.70419884,-13.21622276,-9.143708229,-12.23066521,-12.95811939,-17.03330612,-13.56722736,-12.04706669,-7.601828098,-18.46777534,-11.08135414,-20.52292824,-14.70266819,-24.25350952,-9.285414696,-9.620854378,-43.92911911
1-Pentanol,-17.88922882,-14.93879128,-29.84506226,-36.07379913,-24.94891548,-11.81114006,-16.27296257,-5.812936306,-19.34954453,-11.34117317,-20.04047585,-16.28862953,-9.303640366,-17.79192734,-15.31612778,-14.97131729,-12.83014393,-24.81001663,-14.8986063,-15.15825939,-11.93424416,-22.08958626,-11.93511772,-13.67801285,-11.20555878,-21.83810425,-16.02267456,-17.6307621,-15.65794182,-17.22027969,-16.75050354,-17.89199638,-6.647354603,-5.884951591,-25.14699745,-9.729355812,-36.71471024,-10.9670248,-11.39654541,-31.53762054,-19.86330795,-25.46191025,-17.66859627,-20.91591644,-26.55522919,-45.38281631,-19.45327187,-21.78836441,-15.3872509,-14.93323326,-18.68149376,-12.53640079,-20.88555145,-18.12633514,-20.39811134,-20.08960533,-11.60840416,-16.46222496,-13.30383682,-27.16981888,-26.33826637,-20.22504616,-44.25634384,-8.852835655,-13.47768688,-20.00039101,-14.08914948,-15.05171204,-12.23374939,-13.32899857,-20.45822334,-19.30444717,-22.12639046,-12.27149582,-15.3665638,-13.32899857,-19.88194084,-22.55362511,-44.33041763,-19.39974785,-12.41388321,-14.78264713,-15.50212288,-17.61951447,-13.01267529,-17.91490746,-15.38736153,-19.82843208,-13.66280746,-21.05864334,-18.63340569,-16.97458458,-13.2759943,-11.90247631,-26.1291256,-20.29718018,-15.28283405,-18.10037041,-26.55706596,-16.43776131,-21.80566978,-24.35913086,-20.35559464,-28.4299469,-11.4732275,-19.25631714,-16.71582985,-22.16631126,-16.72175217,-23.97068024,-33.01588821,-13.84353352,-14.84736633,-15.97580814,-11.98495007,-16.68605804,-14.16066647,-13.03208733,-18.30313301,-14.6084919,-22.43971634,-12.9472723,-15.74825382,-16.3695488,-11.49110317,-15.67919064,-25.12710381,-14.99613762,-13.49143791,-9.423989296,-12.52904987,-13.25942612,-17.33280182,-13.85041428,-12.32655048,-7.906562328,-18.74936295,-11.36825657,-20.80947495,-14.9909296,-24.54187965,-9.567025185,-9.911979675,-44.21462631
Ethyl acetate,-17.92218781,-14.97582912,-29.89383507,-36.12958527,-24.98729324,-11.84349155,-16.33057976,-5.84022665,-19.3833046,-11.36921787,-20.07419395,-16.32305717,-9.358417511,-17.82251167,-15.36602688,-15.01254749,-12.86912727,-24.85590553,-14.95051193,-15.19285297,-11.96338081,-22.13466072,-11.97905731,-13.72159386,-11.25505829,-21.87130737,-16.06299973,-17.66524887,-15.69143867,-17.25378799,-16.79090309,-17.92529678,-6.687757492,-5.915211201,-25.19422913,-9.771349907,-36.76990891,-10.99824619,-11.42365837,-31.58418274,-19.89947701,-25.50488472,-17.7089119,-20.95391083,-26.59376144,-45.42412567,-19.4870491,-21.82872009,-15.41577244,-14.97630405,-18.7256031,-12.56338215,-20.91961288,-18.16549492,-20.43543625,-20.13656998,-11.65008068,-16.5063858,-13.34675217,-27.19450569,-26.37340164,-20.25950241,-44.28788757,-8.887346268,-13.51052284,-20.03793335,-14.11694336,-15.09400845,-12.26293564,-13.36364841,-20.48238945,-19.34210014,-22.15952492,-12.32322121,-15.395998,-13.36364841,-19.9140892,-22.5820961,-44.37188721,-19.43096161,-12.43918037,-14.82033253,-15.54071712,-17.65001678,-13.02820492,-17.9614315,-15.42810249,-19.86413956,-13.69568634,-21.08880043,-18.67189407,-17.01855469,-13.31211376,-11.93642902,-26.16460609,-20.3366127,-15.32546425,-18.13131523,-26.5933094,-16.48242188,-21.84012413,-24.40494347,-20.39094353,-28.47509766,-11.52372456,-19.28899765,-16.75860786,-22.20002174,-16.76538658,-24.01842117,-33.04853439,-13.89582157,-14.88032722,-16.01744843,-12.0283289,-16.71883965,-14.19852924,-13.08023262,-18.33630753,-14.65123367,-22.46483421,-12.97716904,-15.78005981,-16.40972137,-11.52631283,-15.71125889,-25.1704483,-15.03051472,-13.51638794,-9.474019051,-12.57633591,-13.28966904,-17.36520576,-13.87665367,-12.36502457,-7.926388264,-18.79884911,-11.40051937,-20.85502052,-15.03361034,-24.58792686,-9.611068726,-9.944146156,-44.27556992
1-Propanol,-17.6931076,-14.7529335,-29.65967941,-35.88132477,-24.7546978,-11.62011528,-16.06550026,-5.612831593,-19.159235,-11.14741898,-19.8431797,-16.10246468,-9.102707863,-17.59618759,-15.13035774,-14.77623653,-12.63801765,-24.61970711,-14.6997509,-14.96278191,-11.74331474,-21.90583229,-11.73863506,-13.48994827,-11.01439476,-21.64050865,-15.8355875,-17.43848228,-15.45428085,-17.02232933,-16.54072571,-17.6944561,-6.448523521,-5.696220875,-24.96448517,-9.53823185,-36.527565,-10.7722168,-11.20072746,-31.34806442,-19.6647377,-25.27067375,-17.48210144,-20.7234993,-26.36175346,-45.18876266,-19.26084328,-21.59867287,-15.19631863,-14.74420738,-18.49349785,-12.33728695,-20.68829727,-17.93736267,-20.20787239,-19.90463257,-11.41720676,-16.2690239,-13.11237526,-26.97080994,-26.13817215,-20.03367615,-44.05922318,-8.668024063,-13.28925705,-19.80836868,-13.88975811,-14.86848831,-12.05079651,-13.13901711,-20.26113129,-19.10505104,-21.9309063,-12.07496262,-15.16973305,-13.13901711,-19.68497658,-22.35349464,-44.13640976,-19.19922638,-12.20813656,-14.58738327,-15.30272484,-17.42710304,-12.79839993,-17.73016739,-15.19270039,-19.63497162,-13.47105598,-20.85897064,-18.44254303,-16.78486061,-13.07871056,-11.71038151,-25.93635178,-20.0950489,-15.1006031,-17.91353035,-26.36119652,-16.25039482,-21.61363411,-24.16518784,-20.15765572,-28.23769379,-11.2826786,-19.0588913,-16.53185272,-21.97444153,-16.52951241,-23.7782917,-32.81727982,-13.6512022,-14.64277649,-15.78994179,-11.79473495,-16.4870224,-13.97172356,-12.84370804,-18.1079464,-14.41762352,-22.23822975,-12.75791645,-15.55013371,-16.18051529,-11.29859447,-15.47882557,-24.9362812,-14.80132675,-13.3075943,-9.236022949,-12.32946301,-13.05843639,-17.13328743,-13.66246796,-12.13931847,-7.702611446,-18.56085014,-11.17617702,-20.6170578,-14.79818153,-24.34864998,-9.377968788,-9.717583656,-44.02280426
Ethyl ether,-17.80934334,-14.85916901,-29.76992798,-35.99880981,-24.87090683,-11.72951317,-16.19098854,-5.727477074,-19.27081108,-11.2565527,-19.95623016,-16.21409416,-9.223259926,-17.71055222,-15.24052048,-14.89096832,-12.74649143,-24.73267174,-14.81561184,-15.07863235,-11.85726452,-22.01398087,-11.85251808,-13.60247421,-11.12877274,-21.75242233,-15.94452381,-17.55002022,-15.56729889,-17.13625145,-16.66061401,-17.80761147,-6.564351082,-5.809929371,-25.07213211,-9.654448509,-36.63809967,-10.88194084,-11.31367016,-31.46080399,-19.77994537,-25.38340569,-17.59349823,-20.83419037,-26.4746933,-45.30124664,-19.37290955,-21.70844078,-15.30666161,-14.8591404,-18.60690689,-12.44817734,-20.79985046,-18.04885674,-20.31574059,-20.01425362,-11.53071785,-16.38204956,-13.22639179,-27.08155632,-26.25404549,-20.14587975,-44.17403412,-8.777141571,-13.39302921,-19.92195892,-14.001194,-14.97640514,-12.15391541,-13.24509048,-20.37177086,-19.22133446,-22.04271507,-12.19140339,-15.28522587,-13.24509048,-19.80011559,-22.4674778,-44.24900436,-19.31150627,-12.32282829,-14.70019341,-15.41512012,-17.53755569,-12.91916752,-17.84020996,-15.30282593,-19.74957466,-13.58216572,-20.9724865,-18.554636,-16.89908981,-13.1951704,-11.82307529,-26.0477581,-20.21244621,-15.20898342,-18.02023697,-26.47313118,-16.35911179,-21.72318077,-24.27852631,-20.27098846,-28.34912682,-11.39650345,-19.17521095,-16.63820457,-22.0836792,-16.64081573,-23.89152527,-32.93005371,-13.76681232,-14.75778198,-15.90169621,-11.91009712,-16.60210991,-14.08161545,-12.9554224,-18.22257423,-14.5327692,-22.34950829,-12.86803818,-15.66631126,-16.29099846,-11.40749836,-15.5960331,-25.04868126,-14.91710567,-13.40973473,-9.348560333,-12.44434929,-13.17319489,-17.24706841,-13.76828194,-12.2503376,-7.814908028,-18.6745491,-11.28711224,-20.72966385,-14.91459656,-24.46207428,-9.490572929,-9.832640648,-44.13962936
2-Propanol,-17.76538086,-14.83710861,-29.73189163,-35.95637131,-24.83400726,-11.6981163,-16.14437294,-5.691574574,-19.23433113,-11.22716618,-19.91563225,-16.17938232,-9.184520721,-17.66711807,-15.2139616,-14.85506821,-12.71982193,-24.70212173,-14.7799654,-15.03265762,-11.81546211,-21.99265099,-11.82117462,-13.56674194,-11.09322548,-21.71296692,-15.91980839,-17.5133152,-15.52515602,-17.09776306,-16.61555672,-17.77040482,-6.525907993,-5.769699574,-25.04750252,-9.616918564,-36.59849548,-10.84834957,-11.28267384,-31.41763496,-19.73649406,-25.35011864,-17.56391144,-20.8049202,-26.4355545,-45.26298141,-19.33504486,-21.68145752,-15.27186584,-14.81987572,-18.57283211,-12.41386223,-20.76691818,-18.0155735,-20.29263306,-19.98734856,-11.49378109,-16.34641075,-13.18982792,-27.03844452,-26.20975113,-20.1083889,-44.12962341,-8.748145103,-13.37207985,-19.88295746,-13.96238804,-14.95160675,-12.13328552,-13.22042084,-20.33334351,-19.18000793,-22.00655937,-12.15243435,-15.24234676,-13.22042084,-19.75694847,-22.42483139,-44.21046448,-19.27476692,-12.27046776,-14.66691399,-15.37823963,-17.50081444,-12.86537743,-17.81141663,-15.26999569,-19.70903587,-13.54522038,-20.93250084,-18.51800346,-16.86361694,-13.15156937,-11.78168011,-26.01078033,-20.16989899,-15.18860912,-17.99326706,-26.43716621,-16.33275032,-21.69125557,-24.2460022,-20.23746681,-28.32012749,-11.36320114,-19.12963486,-16.62342072,-22.05252457,-16.6103611,-23.86056709,-32.8898468,-13.72837639,-14.71318722,-15.86283207,-11.87154675,-16.55776024,-14.05263615,-12.92672157,-18.17957687,-14.48863411,-22.30517387,-12.83565235,-15.61734772,-16.26249504,-11.3761301,-15.54700661,-25.01641083,-14.87286758,-13.38872147,-9.320131302,-12.40903282,-13.13363838,-17.20861626,-13.73692131,-12.21842575,-7.77660656,-18.6419754,-11.25784683,-20.69908142,-14.87440968,-24.429039,-9.46077919,-9.78680706,-44.09791565
Ethyl formate,-17.7678051,-14.82643414,-29.75455093,-35.98775101,-24.83484268,-11.68942165,-16.16411781,-5.681813717,-19.23347664,-11.21875858,-19.9279232,-16.17843437,-9.203033447,-17.67286491,-15.21772289,-14.85869122,-12.71686268,-24.70748138,-14.79304123,-15.04306316,-11.81804657,-21.98820305,-11.82479572,-13.57172585,-11.10398865,-21.71858215,-15.91240311,-17.51440048,-15.54061794,-17.10282135,-16.63171768,-17.77491379,-6.530460358,-5.762768269,-25.0492878,-9.616563797,-36.63152313,-10.8504734,-11.2760601,-31.45069695,-19.74596786,-25.36040497,-17.56256104,-20.8046608,-26.44659233,-45.27970886,-19.34296608,-21.68029976,-15.26319695,-14.82632732,-18.57241631,-12.4154892,-20.77116203,-18.01891136,-20.29048157,-19.99157906,-11.50720978,-16.36009598,-13.19476223,-27.04722214,-26.22232628,-20.11568832,-44.13975906,-8.734724045,-13.36878014,-19.89029884,-13.97069263,-14.95267963,-12.12031174,-13.2202301,-20.33159256,-19.18801308,-22.01074982,-12.16569328,-15.24275494,-13.2202301,-19.76512146,-22.43219757,-44.22715378,-19.27998734,-12.29080677,-14.66932106,-15.39248562,-17.50575066,-12.87269974,-17.81569862,-15.27951431,-19.71102333,-13.55324268,-20.93850899,-18.52244759,-16.87045288,-13.15929699,-11.79319286,-26.02061081,-20.18212318,-15.18326092,-17.98097038,-26.44064331,-16.34073448,-21.69349098,-24.25223732,-20.24341965,-28.32387543,-11.3764267,-19.13805199,-16.61276054,-22.05381966,-16.61991501,-23.86726761,-32.90618896,-13.73927593,-14.72912025,-15.86254787,-11.87862778,-16.56892776,-14.05093956,-12.92841148,-18.18578529,-14.49763393,-22.32282257,-12.82403755,-15.62667561,-16.26018143,-11.37212944,-15.55657578,-25.02622032,-14.87812901,-13.37368584,-9.324771881,-12.42623138,-13.13860035,-17.2149601,-13.72990894,-12.21772099,-7.770635605,-18.64660454,-11.25106812,-20.70333862,-14.88237476,-24.43634605,-9.4581213,-9.795445442,-44.13472366
Propyl acetate,-18.02011871,-15.07047462,-29.98522377,-36.22129059,-25.08309746,-11.94167995,-16.43275833,-5.941776276,-19.47827339,-11.4674139,-20.1719532,-16.41525459,-9.458917618,-17.92073441,-15.45956421,-15.11048698,-12.96608162,-24.95061874,-15.05272675,-15.28909302,-12.05856895,-22.22663116,-12.0775795,-13.81569672,-11.34991646,-21.96916962,-16.15682983,-17.76170349,-15.79339409,-17.35142517,-16.89409637,-18.0229454,-6.794438839,-6.005865574,-25.28556633,-9.867100716,-36.86107254,-11.09748173,-11.51869678,-31.67471886,-19.99729156,-25.59891701,-17.80188942,-21.05026054,-26.68974495,-45.51910019,-19.58194923,-21.92308617,-15.51058578,-15.07126808,-18.81943893,-12.66244602,-21.01735497,-18.26014519,-20.53045464,-20.22841072,-11.74529552,-16.60243416,-13.44251728,-27.29269981,-26.47211075,-20.35418129,-44.38542938,-8.981334686,-13.60695457,-20.13153648,-14.21923351,-15.1880455,-12.3590889,-13.46004963,-20.5808773,-19.44031715,-22.25689888,-12.42187119,-15.4932375,-13.46004963,-20.01142311,-22.68142319,-44.4668541,-19.53126526,-12.54120827,-14.91647243,-15.63998985,-17.74374008,-13.13266277,-18.0529747,-15.52586555,-19.96092224,-13.79269409,-21.18829155,-18.76581001,-17.11235237,-13.40994453,-12.03312588,-26.26071167,-20.43835831,-15.41714382,-18.22477913,-26.69067764,-16.57575798,-21.93597603,-24.50085449,-20.48866081,-28.57060051,-11.61701012,-19.38641739,-16.8507309,-22.29594612,-16.85992432,-24.11362076,-33.14543152,-13.99059963,-14.9803648,-16.1115551,-12.122262,-16.81755257,-14.2919445,-13.17341232,-18.43237686,-14.74656391,-22.56441498,-13.07264614,-15.87940884,-16.5040741,-11.62480164,-15.80932236,-25.26430511,-15.1265707,-13.6135416,-9.571901321,-12.67275715,-13.38844013,-17.46405411,-13.96930504,-12.45919895,-8.02449131,-18.89280128,-11.49721336,-20.95065117,-15.12872887,-24.68330765,-9.706332207,-10.0405035,-44.36737823
Formic acid,-17.54646873,-14.62242413,-29.55212021,-35.77587509,-24.61742592,-11.47580338,-15.92705822,-5.462034702,-19.01957893,-11.00789165,-19.71136856,-15.97450542,-8.970609665,-17.45676231,-15.00505543,-14.63968468,-12.50237942,-24.4961338,-14.56778145,-14.82479286,-11.60931683,-21.77943611,-11.60956097,-13.35747528,-10.88789082,-21.50379181,-15.69984818,-17.29686356,-15.32188511,-16.88326645,-16.39986229,-17.5555706,-6.308267593,-5.556013107,-24.84109497,-9.398713112,-36.42383575,-10.63208294,-11.06155014,-31.23856354,-19.52622223,-25.14964104,-17.35357094,-20.59009171,-26.22895432,-45.06617355,-19.13297462,-21.46732712,-15.05041695,-14.61232948,-18.36090469,-12.19826794,-20.55326843,-17.80787468,-20.07966423,-19.78109741,-11.2888031,-16.13711357,-12.97942448,-26.8398056,-26.00198364,-19.90518951,-43.92548752,-8.528923035,-13.15816879,-19.67336845,-13.74974251,-14.74245262,-11.91455269,-13.0063715,-20.11716652,-18.96718216,-21.79292488,-11.94363403,-15.02642822,-13.0063715,-19.54672432,-22.21088219,-44.01326752,-19.05962753,-12.06884956,-14.45291328,-15.17060566,-17.29887009,-12.64221478,-17.60753059,-15.06144714,-19.49386597,-13.33790779,-20.71816254,-18.31069565,-16.65683937,-12.93950081,-11.57394123,-25.80361176,-19.96050072,-14.97768784,-17.77471352,-26.22442627,-16.12310791,-21.47886276,-24.03640366,-20.02762794,-28.10931015,-11.15967655,-18.91704559,-16.40992355,-21.83846092,-16.40899277,-23.6489048,-32.69349289,-13.51699448,-14.50445843,-15.65073681,-11.66395855,-16.34842682,-13.8407774,-12.71627045,-17.96646309,-14.28214836,-22.11059189,-12.61420631,-15.40439987,-16.04735756,-11.15880203,-15.33866215,-24.81621933,-14.65856075,-13.17110252,-9.111870766,-12.20504761,-12.91790771,-16.99486923,-13.52523994,-12.00554657,-7.55731678,-18.43387985,-11.03808308,-20.49032784,-14.66445351,-24.22193718,-9.248939514,-9.582307816,-43.91891098
Triethylamin,-18.00038528,-15.04676723,-29.96266174,-36.19042969,-25.06113434,-11.9261694,-16.41009712,-5.938847065,-19.44135475,-11.4573431,-20.13715935,-16.39767265,-9.435425758,-17.89371872,-15.42343712,-15.09368896,-12.94277954,-24.92143059,-15.02354431,-15.26101971,-12.04939651,-22.19704056,-12.0506506,-13.78480911,-11.32242107,-21.9489994,-16.13260841,-17.74286652,-15.78147221,-17.33554459,-16.86933136,-18.00619888,-6.779112339,-6.011390686,-25.25291443,-9.840734482,-36.83020401,-11.07590103,-11.51888847,-31.65197372,-19.96665573,-25.55690193,-17.7742691,-21.02157021,-26.64777946,-45.49811172,-19.5465126,-21.90244865,-15.50065517,-15.04229546,-18.78461456,-12.64708996,-20.99688911,-18.23142433,-20.50470352,-20.19092941,-11.70475292,-16.56126404,-13.42259121,-27.28325272,-26.42580795,-20.31818581,-44.36575317,-8.97151947,-13.58420563,-20.08880615,-14.19421482,-15.15922642,-12.33676815,-13.4358778,-20.56727219,-19.40008545,-22.23899078,-12.39653969,-15.46930122,-13.4358778,-19.98402214,-22.6618824,-44.44586182,-19.50598145,-12.52253437,-14.90084743,-15.60809898,-17.72989464,-13.13900471,-18.0230999,-15.49424076,-19.93526459,-13.75467587,-21.1670723,-18.73348236,-17.06922531,-13.37026787,-12.00203228,-26.22211456,-20.41525269,-15.3818388,-18.21018982,-26.670784,-16.53263855,-21.91644669,-24.47322273,-20.44436646,-28.53845406,-11.57395363,-19.36540794,-16.82496071,-22.27720451,-16.83018303,-24.07522774,-33.11720276,-13.96175861,-14.95084763,-16.08985901,-12.09572887,-16.78876686,-14.26662445,-13.1460638,-18.40602875,-14.72037411,-22.55199814,-13.06115913,-15.85129261,-16.4796505,-11.60591412,-15.78958893,-25.22322083,-15.10443211,-13.59600353,-9.547773361,-12.62835789,-13.36931896,-17.44517899,-13.96531773,-12.43121338,-8.025359154,-18.86205292,-11.48338985,-20.92091179,-15.1121254,-24.64789391,-9.686987877,-10.02996445,-44.33692169
Water,-17.30811882,-14.38358307,-29.29637718,-35.50996399,-24.37706184,-11.24430084,-15.65769005,-5.211547852,-18.78614426,-10.76444149,-19.46183395,-15.73657703,-8.700234413,-17.21584892,-14.75420952,-14.38241959,-12.25169849,-24.24558258,-14.29761887,-14.57838631,-11.37116337,-21.5341301,-11.36231327,-13.1169405,-10.63139725,-21.25754929,-15.46864796,-17.04650688,-15.06350803,-16.63443565,-16.13401985,-17.30875206,-6.054589748,-5.318492413,-24.58626938,-9.169819832,-36.16565323,-10.39612293,-10.81493187,-30.97320366,-19.27991104,-24.897995,-17.11633301,-20.33535194,-25.98022842,-44.80807877,-18.89407349,-21.21989441,-14.81620026,-14.36392403,-18.12515831,-11.95218658,-20.29640961,-17.57410431,-19.82161903,-19.53232765,-11.0348711,-15.86929131,-12.72559643,-26.59784317,-25.75411797,-19.66534615,-43.68503571,-8.306303978,-12.91047382,-19.41648674,-13.49434566,-14.49372387,-11.68403912,-12.75989723,-19.88454628,-18.72003174,-21.5336628,-11.68511105,-14.79065514,-12.75989723,-19.3007431,-21.96194458,-43.75208282,-18.80885124,-11.82435513,-14.20648575,-14.89950657,-17.05167198,-12.39830112,-17.36647606,-14.80431652,-19.26034927,-13.08683681,-20.46791267,-18.05807877,-16.41309357,-12.6958952,-11.32599163,-25.55537224,-19.69767761,-14.72893429,-17.54585266,-25.98168755,-15.86046696,-21.22200394,-23.77893066,-19.76830101,-27.85372734,-10.90915489,-18.67005348,-16.17104721,-21.58070946,-16.14943123,-23.39205551,-32.44790268,-13.25735378,-14.24589348,-15.41377735,-11.41971016,-16.09933662,-13.59617329,-12.46597767,-17.71442795,-14.04069996,-21.86674118,-12.38433933,-15.15835667,-15.80402851,-10.9188509,-15.08889389,-24.56555748,-14.41606998,-12.9393301,-8.853200912,-11.94636059,-12.66923714,-16.7464962,-13.28237343,-11.77312374,-7.311118126,-18.1783123,-10.79638577,-20.23440361,-14.41056347,-23.96564484,-9.000096321,-9.342320442,-43.652668
"N,N-Dimethylformamide",-17.77547264,-14.84094715,-29.76120377,-35.99489212,-24.84565163,-11.69841957,-16.17876053,-5.689405918,-19.24278259,-11.22605133,-19.93021584,-16.18813515,-9.210987091,-17.67991447,-15.22576809,-14.87082767,-12.72635174,-24.70981216,-14.79997063,-15.04906654,-11.82453442,-21.99414635,-11.83071709,-13.5819788,-11.11241722,-21.72763443,-15.92492199,-17.52424049,-15.54463196,-17.11356926,-16.64050102,-17.78487778,-6.533423424,-5.777575493,-25.05768967,-9.628317833,-36.63815689,-10.85134602,-11.28590298,-31.45254326,-19.7542305,-25.35527229,-17.56955338,-20.81258583,-26.45373154,-45.28274155,-19.3472023,-21.69061852,-15.27735329,-14.83388615,-18.58518791,-12.41695309,-20.77979279,-18.02684975,-20.2951088,-19.99464989,-11.50625324,-16.36248207,-13.20530224,-27.05649376,-26.22906113,-20.12016296,-44.14821243,-8.749595642,-13.36983109,-19.89255714,-13.9696846,-14.95277596,-12.1249733,-13.22252178,-20.34344864,-19.19640732,-22.01788902,-12.17405891,-15.25441551,-13.22252178,-19.77087784,-22.43723297,-44.23028564,-19.28390121,-12.29752731,-14.67792797,-15.39218712,-17.51559639,-12.88491917,-17.82147789,-15.28670883,-19.72258568,-13.55340099,-20.94452286,-18.53098106,-16.87581062,-13.16912746,-11.79343414,-26.02393913,-20.18923378,-15.18287754,-17.99414063,-26.45081139,-16.33844757,-21.70190048,-24.26050568,-20.24572563,-28.33056831,-11.38008595,-19.14896774,-16.62076187,-22.06178474,-16.62035942,-23.87096977,-32.90439224,-13.75114918,-14.72939396,-15.87649345,-11.88564301,-16.57416916,-14.06006813,-12.94115448,-18.19417572,-14.50817585,-22.32701111,-12.84083271,-15.63533115,-16.2698555,-11.38319778,-15.56846333,-25.02134705,-14.8909502,-13.3773222,-9.331988335,-12.43150806,-13.14730453,-17.22151566,-13.73923206,-12.22338676,-7.785208225,-18.65291977,-11.26020432,-20.70923042,-14.89196777,-24.44355392,-9.468170166,-9.801485062,-44.1401329
